{
    "loss": 10.885939598083496,
    "accuracy": 0.5686274766921997
}