{
    "loss": 14.988200187683105,
    "accuracy": 0.5686274766921997
}