{
    "loss": 0.01826704666018486,
    "accuracy": 0.9901960492134094
}