{
    "loss": 6.552417278289795,
    "accuracy": 0.4313725531101227
}